Category,Question,Answer
Headphones,Apa headphone terbaik untuk mendengarkan musik klasik?,Headphone seperti Sennheiser HD 660S sangat cocok untuk musik klasik karena menghasilkan detail suara yang baik.
Headphones,"Headphone over-ear vs in-ear, mana yang lebih baik?","Over-ear lebih nyaman untuk sesi panjang, sementara in-ear lebih portabel."
Headphones,Apa headphone dengan fitur noise-cancelling terbaik?,Sony WH-1000XM5 adalah pilihan terbaik dengan fitur noise-cancelling unggulan.
Headphones,Bagaimana memilih headphone untuk bermain game?,Pilih headphone dengan mikrofon terintegrasi dan suara surround seperti HyperX Cloud II.
Headphones,Apa rekomendasi headphone untuk pemula?,Sony WH-CH510 adalah pilihan murah dengan kualitas suara baik untuk pemula.
Headphones,Apa yang dimaksud dengan impedance pada headphone?,"Impedance menunjukkan resistansi listrik headphone, penting untuk memilih amplifier yang sesuai."
Headphones,Apakah headphone wireless cocok untuk audiophile?,Headphone wireless seperti Sony WH-1000XM5 sudah cukup baik untuk audiophile.
Headphones,Apa merek headphone terbaik dengan harga terjangkau?,Merek seperti Audio-Technica dan AKG menawarkan headphone terjangkau dengan kualitas baik.
Headphones,Bagaimana cara merawat headphone agar awet?,Bersihkan bantalan secara teratur dan simpan di tempat kering untuk menjaga keawetan.
Headphones,Apa perbedaan antara driver dynamic dan planar pada headphone?,"Driver dynamic menghasilkan bass lebih baik, sementara planar fokus pada detail."
Headphones,Headphone mana yang paling nyaman untuk pemakaian lama?,Bose QC45 sangat nyaman digunakan untuk pemakaian lama.
Headphones,Apa kelebihan menggunakan headphone open-back?,"Open-back menawarkan suara yang lebih alami, cocok untuk mendengarkan di ruangan sunyi."
Headphones,Bagaimana mengukur kualitas suara pada headphone?,Uji frekuensi suara dan kenyamanan untuk mengukur kualitas headphone.
Headphones,Apakah ada headphone yang cocok untuk olahraga?,Ada headphone seperti JBL Reflect Flow Pro yang cocok untuk olahraga.
Headphones,Apa itu codec aptX pada headphone Bluetooth?,Codec aptX meningkatkan kualitas suara pada headphone Bluetooth.
Headphones,Apa headphone terbaik untuk monitoring studio?,Beyerdynamic DT 770 Pro cocok untuk monitoring studio.
Headphones,Apakah headphone gaming cocok untuk mendengarkan musik?,"Headphone gaming lebih fokus pada suara surround, namun tetap cocok untuk musik."
Headphones,Bagaimana cara memilih eartips yang pas untuk in-ear?,Pilih eartips berbahan silikon untuk kenyamanan maksimal.
Headphones,Apa perbedaan antara noise-cancelling aktif dan pasif?,"Noise-cancelling aktif menggunakan mikrofon untuk mengurangi suara, pasif menggunakan desain fisik."
Headphones,Apakah ada headphone yang bisa dipakai untuk tidur?,Headphone seperti Kokoon Nightbuds dirancang untuk digunakan saat tidur.
Headphones,Bagaimana cara membedakan headphone asli dan palsu?,"Periksa kualitas material, logo merek, dan beli dari penjual terpercaya."
Headphones,Apakah ada headphone khusus untuk anak-anak?,Ada headphone seperti PuroQuiet yang dirancang khusus untuk anak-anak.
Headphones,Apa keuntungan menggunakan headphone high-impedance?,"High-impedance menghasilkan suara lebih detail, namun butuh amplifier."
Headphones,Bagaimana cara membersihkan headphone dari kotoran?,Gunakan kain lembut dan sedikit cairan pembersih untuk membersihkan headphone.
Headphones,Apa headphone terbaik untuk perjalanan jauh?,Sony WH-1000XM5 cocok untuk perjalanan jauh karena daya tahan baterai yang panjang.
Speakers,Apa speaker terbaik untuk ruang kecil?,Speaker seperti Sonos One ideal untuk ruang kecil karena ukurannya yang ringkas.
Speakers,Bagaimana memilih speaker untuk home theater?,Pilih speaker dengan fitur surround seperti Yamaha YHT-4950U.
Speakers,Apa kelebihan speaker Bluetooth dibandingkan kabel?,"Bluetooth lebih praktis, namun kabel biasanya memberikan kualitas suara lebih baik."
Speakers,Bagaimana cara mengatur posisi speaker di ruangan?,Letakkan speaker sejajar telinga dan hindari sudut ruangan untuk suara optimal.
Speakers,Apakah speaker portabel bisa menghasilkan bass yang baik?,Speaker portabel seperti JBL Charge 5 menawarkan bass yang baik.
Speakers,Apa perbedaan antara speaker aktif dan pasif?,"Speaker aktif memiliki amplifier bawaan, sedangkan pasif membutuhkan amplifier terpisah."
Speakers,Speaker apa yang cocok untuk acara luar ruangan?,JBL PartyBox 310 cocok untuk acara luar ruangan.
Speakers,Bagaimana cara memilih speaker dengan suara jernih?,Pilih speaker dengan rentang frekuensi yang luas seperti KEF LS50.
Speakers,Apa speaker terbaik untuk komputer gaming?,Logitech Z625 adalah pilihan terbaik untuk komputer gaming.
Speakers,Bagaimana cara meningkatkan kualitas suara speaker?,Gunakan kabel berkualitas tinggi dan atur posisi speaker dengan benar.
Speakers,Apakah ada speaker yang mendukung Hi-Res Audio?,Speaker seperti Sony SRS-RA5000 mendukung Hi-Res Audio.
Speakers,Apa itu crossover pada speaker?,Crossover memisahkan frekuensi tinggi dan rendah untuk tweeter dan woofer.
Speakers,Bagaimana memilih speaker untuk studio musik?,KRK Rokit 5 G4 adalah pilihan yang baik untuk studio musik.
Speakers,Apakah merek speaker memengaruhi kualitas suara?,Merek seperti Bose dan Sonos biasanya memiliki reputasi baik.
Speakers,Bagaimana cara merawat speaker agar awet?,Hindari kelembapan dan bersihkan speaker secara rutin.
Speakers,Apa perbedaan antara 2.1 dan 5.1 speaker system?,"2.1 memiliki dua speaker dan satu subwoofer, sementara 5.1 memiliki lima speaker."
Speakers,Bagaimana memilih speaker untuk streaming film?,Pilih speaker dengan fitur surround sound untuk streaming film.
Speakers,Apakah speaker wireless mengonsumsi lebih banyak daya?,"Speaker wireless biasanya hemat daya, terutama model baru."
Speakers,Apa speaker yang direkomendasikan untuk audiophile?,Klipsch RP-600M adalah pilihan bagus untuk audiophile.
Speakers,Bagaimana menghubungkan speaker ke TV tanpa kabel?,Gunakan adapter atau teknologi seperti Bluetooth transmitter untuk menghubungkan ke TV.
Speakers,Apa itu teknologi Dolby Atmos pada speaker?,Dolby Atmos menciptakan efek suara tiga dimensi.
Speakers,Bagaimana memilih speaker dengan harga terjangkau?,Cek ulasan online untuk menemukan speaker berkualitas dengan harga terjangkau.
Speakers,Apa speaker terbaik untuk musik elektronik?,Speaker seperti Marshall Emberton cocok untuk musik elektronik.
Speakers,Bagaimana cara membersihkan speaker dari debu?,Gunakan kain lembut dan sikat kecil untuk membersihkan debu dari speaker.
Speakers,Apakah ada speaker tahan air untuk kamar mandi?,JBL Flip 6 adalah speaker tahan air yang cocok untuk kamar mandi.
Audio Settings,Bagaimana cara mengatur equalizer untuk suara bass?,Tingkatkan frekuensi rendah (20-250 Hz) untuk suara bass yang kuat.
Audio Settings,Apa pengaturan audio terbaik untuk genre jazz?,Coba kurangi bass dan tingkatkan frekuensi menengah untuk genre jazz.
Audio Settings,Bagaimana cara mengurangi noise saat merekam audio?,Gunakan pop filter dan pengaturan noise gate untuk mengurangi noise saat merekam.
Audio Settings,Apa itu sample rate dalam pengaturan audio?,"Sample rate menunjukkan jumlah sampel audio per detik, semakin tinggi semakin baik."
Audio Settings,Bagaimana cara mengatur home theater untuk suara surround?,Atur speaker belakang sejajar dengan telinga untuk efek surround terbaik.
Audio Settings,Apa pengaturan terbaik untuk mendengarkan podcast?,Gunakan pengaturan midrange untuk suara yang lebih fokus pada vokal.
Audio Settings,Bagaimana cara mengatur treble agar suara lebih jernih?,Tingkatkan frekuensi tinggi (treble) di atas 8 kHz untuk suara lebih jernih.
Audio Settings,Apa itu dynamic range pada pengaturan audio?,Dynamic range mengukur perbedaan antara suara terlembut dan terkeras.
Audio Settings,Bagaimana cara memaksimalkan suara pada speaker kecil?,Posisikan speaker di dekat dinding untuk memaksimalkan bass.
Audio Settings,Apa pengaturan terbaik untuk mendengarkan musik rock?,Tingkatkan frekuensi rendah dan menengah untuk musik rock.
Audio Settings,Bagaimana cara menggunakan fitur spatial audio?,Aktifkan spatial audio di pengaturan perangkat untuk pengalaman surround.
Audio Settings,Apa itu stereo imaging pada audio?,Stereo imaging menciptakan efek suara yang terlokalisasi di ruang.
Audio Settings,Bagaimana cara menyesuaikan volume untuk ruangan besar?,Atur volume sekitar 70% untuk ruang besar tanpa distorsi.
Audio Settings,Apa pengaturan suara terbaik untuk gaming?,Gunakan preset gaming pada equalizer untuk suara detail dalam game.
Audio Settings,Bagaimana cara menghilangkan echo saat memutar audio?,Gunakan peredam suara di ruangan untuk mengurangi echo.
Audio Settings,Apa itu bass boost pada pengaturan audio?,Bass boost meningkatkan frekuensi rendah untuk suara bass lebih kuat.
Audio Settings,Bagaimana cara mengatur equalizer untuk musik klasik?,Kurangi frekuensi tinggi untuk menghindari suara yang terlalu tajam dalam musik klasik.
Audio Settings,Apa pengaturan suara terbaik untuk headphone wireless?,Pilih codec seperti aptX HD untuk suara berkualitas di headphone wireless.
Audio Settings,Bagaimana cara mengurangi distorsi pada audio?,Kurangi gain pada amplifier untuk mengurangi distorsi.
Audio Settings,Apa itu bitrate dalam file audio?,"Bitrate menunjukkan kualitas file audio, semakin tinggi semakin baik."
Audio Settings,Bagaimana cara mengatur speaker untuk menghasilkan suara 3D?,Letakkan speaker pada sudut tertentu untuk menciptakan efek suara 3D.
Audio Settings,Apa itu loudness normalization pada pengaturan audio?,Loudness normalization menjaga volume tetap konsisten.
Audio Settings,Bagaimana cara memilih preset equalizer yang tepat?,Gunakan preset genre pada equalizer untuk hasil yang optimal.
Audio Settings,Apa pengaturan suara terbaik untuk film aksi?,Tingkatkan frekuensi rendah dan suara surround untuk film aksi.
Audio Settings,Bagaimana cara mengatur subwoofer untuk bass optimal?,Posisikan subwoofer dekat dinding untuk bass lebih kuat.
Technology Updates,Apa headphone terbaru dengan teknologi ANC?,Sony WH-1000XM5 adalah salah satu headphone terbaru dengan ANC.
Technology Updates,Apakah ada speaker pintar yang mendukung bahasa Indonesia?,Google Nest Audio mendukung bahasa Indonesia.
Technology Updates,Apa teknologi terbaru dalam audio nirkabel?,Codec seperti aptX Adaptive adalah teknologi terkini dalam audio nirkabel.
Technology Updates,Apa itu codec LDAC pada perangkat audio?,LDAC memungkinkan streaming audio berkualitas tinggi melalui Bluetooth.
Technology Updates,Bagaimana perkembangan teknologi Hi-Fi dalam 5 tahun terakhir?,Teknologi Hi-Fi kini lebih terjangkau dengan banyak opsi wireless.
Technology Updates,Apa fitur terbaru dari headphone gaming saat ini?,Headphone seperti Razer BlackShark V2 hadir dengan fitur terbaru untuk gaming.
Technology Updates,Apakah ada speaker yang mendukung koneksi multi-device?,Speaker seperti Sonos Move mendukung koneksi multi-device.
Technology Updates,Bagaimana cara kerja teknologi spatial audio terbaru?,Spatial audio terbaru menggunakan algoritma AI untuk efek suara yang lebih nyata.
Technology Updates,Apa itu fitur multipoint pada headphone wireless?,Multipoint memungkinkan headphone terhubung ke dua perangkat sekaligus.
Technology Updates,Apa saja perangkat audio terbaik untuk tahun ini?,Sony WH-1000XM5 dan Bose QC45 adalah perangkat audio terbaik tahun ini.
Technology Updates,Apa perkembangan terbaru dalam teknologi microphone?,Microphone kondensor kini lebih portable dan mudah digunakan.
Technology Updates,Bagaimana teknologi AI digunakan dalam perangkat audio?,AI digunakan untuk menganalisis dan menyesuaikan profil suara secara otomatis.
Technology Updates,Apa itu adaptive sound pada headphone modern?,Adaptive sound menyesuaikan suara berdasarkan lingkungan pengguna.
Technology Updates,Bagaimana perkembangan codec Bluetooth terbaru?,Bluetooth LE Audio adalah perkembangan terbaru yang mendukung konsumsi daya rendah.
Technology Updates,Apa teknologi terkini dalam noise cancellation?,Noise cancellation kini lebih cerdas dengan fitur AI.
Technology Updates,Apakah ada headphone dengan fitur kesehatan?,Headphone seperti Bose QC45 memiliki sensor untuk memantau kesehatan pengguna.
Technology Updates,Apa itu fitur room correction pada speaker modern?,Room correction menggunakan mikrofon untuk menyesuaikan suara speaker dengan ruangan.
Technology Updates,Bagaimana memilih perangkat audio yang mendukung Dolby Atmos?,Dolby Atmos mendukung perangkat audio yang lebih terjangkau.
Technology Updates,Apa teknologi terbaru untuk streaming audio berkualitas tinggi?,Streaming audio Hi-Fi kini tersedia di platform seperti Apple Music dan Tidal.
Technology Updates,Apa itu fitur personal sound profile pada headphone?,Personal sound profile memungkinkan pengguna menyesuaikan equalizer sesuai preferensi.
Technology Updates,Bagaimana teknologi audio 3D digunakan dalam gaming?,Audio 3D menciptakan pengalaman suara lebih realistis dalam game.
Technology Updates,Apa perkembangan terkini dalam amplifier portabel?,Amplifier portabel kini mendukung Hi-Res Audio.
Technology Updates,Apakah ada perangkat audio yang mendukung lossless streaming?,Periksa logo Hi-Res pada perangkat untuk mengetahui dukungan.
Technology Updates,Bagaimana cara mengetahui perangkat audio mendukung Hi-Res Audio?,Tren terbaru termasuk desain modular dan warna-warna baru.
